{"jugadaDiaria":{"juego":"quiniela"},"c_juego":0,"t_sorte":"N","f_sorte":"26/08/2015","n_sorte":9560,"d_sorte":"Nac.Nocturna","d_loter":"Nacional","extractos":[{"posic":"1","premio":"4444"},{"posic":"2","premio":"4444"},{"posic":"3","premio":"4444"},{"posic":"4","premio":"4444"},{"posic":"5","premio":"4444"},{"posic":"6","premio":"4444"},{"posic":"7","premio":"4444"},{"posic":"8","premio":"4444"},{"posic":"9","premio":"4444"},{"posic":"10","premio":"4444"},{"posic":"11","premio":"4444"},{"posic":"12","premio":"4444"},{"posic":"13","premio":"4444"},{"posic":"14","premio":"4444"},{"posic":"15","premio":"4444"},{"posic":"16","premio":"4444"},{"posic":"17","premio":"4444"},{"posic":"18","premio":"4444"},{"posic":"19","premio":"4444"},{"posic":"20","premio":"4444"}],"horaSorteo":"21:00"}