{"jugadaDiaria":{"juego":"quiniela"},"c_juego":0,"t_sorte":"P","f_sorte":"27/08/2015","n_sorte":9561,"d_sorte":"Nac.La Primera","d_loter":"Nacional","extractos":[{"posic":"1","premio":"1111"},{"posic":"2","premio":"1111"},{"posic":"3","premio":"1111"},{"posic":"4","premio":"1111"},{"posic":"5","premio":"1111"},{"posic":"6","premio":"1111"},{"posic":"7","premio":"1111"},{"posic":"8","premio":"1111"},{"posic":"9","premio":"1111"},{"posic":"10","premio":"1111"},{"posic":"11","premio":"1111"},{"posic":"12","premio":"1111"},{"posic":"13","premio":"1111"},{"posic":"14","premio":"1111"},{"posic":"15","premio":"1111"},{"posic":"16","premio":"1111"},{"posic":"17","premio":"1111"},{"posic":"18","premio":"1111"},{"posic":"19","premio":"1111"},{"posic":"20","premio":"1111"}],"horaSorteo":"11:30"}