{"jugadaDiaria":{"juego":"quiniela"},"c_juego":0,"t_sorte":"P","f_sorte":"27/08/2015","n_sorte":9561,"d_sorte":"Pcia.La Primera","d_loter":"Buenos Aires","extractos":[{"posic":"1","premio":"5555"},{"posic":"2","premio":"5555"},{"posic":"3","premio":"5555"},{"posic":"4","premio":"5555"},{"posic":"5","premio":"5555"},{"posic":"6","premio":"5555"},{"posic":"7","premio":"5555"},{"posic":"8","premio":"5555"},{"posic":"9","premio":"5555"},{"posic":"10","premio":"5555"},{"posic":"11","premio":"5555"},{"posic":"12","premio":"5555"},{"posic":"13","premio":"5555"},{"posic":"14","premio":"5555"},{"posic":"15","premio":"5555"},{"posic":"16","premio":"5555"},{"posic":"17","premio":"5555"},{"posic":"18","premio":"5555"},{"posic":"19","premio":"5555"},{"posic":"20","premio":"5555"}],"horaSorteo":"11:30"}