{"jugadaDiaria":{"juego":"quiniela"},"c_juego":0,"t_sorte":"P","f_sorte":"07/09/2015","n_sorte":9570,"d_sorte":"Nac.La Primera","d_loter":"Nacional","extractos":[{"posic":"1","premio":"9999"},{"posic":"2","premio":"9999"},{"posic":"3","premio":"9999"},{"posic":"4","premio":"9999"},{"posic":"5","premio":"9999"},{"posic":"6","premio":"9999"},{"posic":"7","premio":"9999"},{"posic":"8","premio":"9999"},{"posic":"9","premio":"9999"},{"posic":"10","premio":"9999"},{"posic":"11","premio":"9999"},{"posic":"12","premio":"9999"},{"posic":"13","premio":"9999"},{"posic":"14","premio":"9999"},{"posic":"15","premio":"9999"},{"posic":"16","premio":"9999"},{"posic":"17","premio":"9999"},{"posic":"18","premio":"9999"},{"posic":"19","premio":"9999"},{"posic":"20","premio":"9999"}],"horaSorteo":"11:30"}