{"jugadaDiaria":{"juego":"quiniela"},"c_juego":0,"t_sorte":"N","f_sorte":"02/09/2015","n_sorte":9566,"d_sorte":"Pcia.Nocturna","d_loter":"Buenos Aires","extractos":[{"posic":"1","premio":"2222"},{"posic":"2","premio":"2222"},{"posic":"3","premio":"2222"},{"posic":"4","premio":"2222"},{"posic":"5","premio":"2222"},{"posic":"6","premio":"2222"},{"posic":"7","premio":"2222"},{"posic":"8","premio":"2222"},{"posic":"9","premio":"2222"},{"posic":"10","premio":"2222"},{"posic":"11","premio":"2222"},{"posic":"12","premio":"2222"},{"posic":"13","premio":"2222"},{"posic":"14","premio":"2222"},{"posic":"15","premio":"2222"},{"posic":"16","premio":"2222"},{"posic":"17","premio":"2222"},{"posic":"18","premio":"2222"},{"posic":"19","premio":"2222"},{"posic":"20","premio":"2222"}],"horaSorteo":"21:00"}