{"jugadaDiaria":{"juego":"quiniela"},"c_juego":0,"t_sorte":"V","f_sorte":"04/09/2015","n_sorte":9568,"d_sorte":"Pcia.Vespertina","d_loter":"Buenos Aires","extractos":[{"posic":"1","premio":"6666"},{"posic":"2","premio":"6666"},{"posic":"3","premio":"6666"},{"posic":"4","premio":"6666"},{"posic":"5","premio":"6666"},{"posic":"6","premio":"6666"},{"posic":"7","premio":"6666"},{"posic":"8","premio":"6666"},{"posic":"9","premio":"6666"},{"posic":"10","premio":"6666"},{"posic":"11","premio":"6666"},{"posic":"12","premio":"6666"},{"posic":"13","premio":"6666"},{"posic":"14","premio":"6666"},{"posic":"15","premio":"6666"},{"posic":"16","premio":"6666"},{"posic":"17","premio":"6666"},{"posic":"18","premio":"6666"},{"posic":"19","premio":"6666"},{"posic":"20","premio":"6666"}],"horaSorteo":"17:30"}