{"jugadaDiaria":{"juego":"quiniela"},"c_juego":0,"t_sorte":"P","f_sorte":"14/08/2015","n_sorte":9551,"d_sorte":"Pcia.La Primera","d_loter":"Buenos Aires","extractos":[{"posic":"1","premio":"3909"},{"posic":"2","premio":"8472"},{"posic":"3","premio":"3590"},{"posic":"4","premio":"2746"},{"posic":"5","premio":"9587"},{"posic":"6","premio":"1544"},{"posic":"7","premio":"5421"},{"posic":"8","premio":"4390"},{"posic":"9","premio":"9579"},{"posic":"10","premio":"0764"},{"posic":"11","premio":"4725"},{"posic":"12","premio":"8502"},{"posic":"13","premio":"2002"},{"posic":"14","premio":"1716"},{"posic":"15","premio":"4605"},{"posic":"16","premio":"5724"},{"posic":"17","premio":"9865"},{"posic":"18","premio":"9540"},{"posic":"19","premio":"4307"},{"posic":"20","premio":"4664"}],"horaSorteo":"11:30"}