{"jugadaDiaria":{"juego":"quiniela"},"c_juego":0,"t_sorte":"V","f_sorte":"26/08/2015","n_sorte":9560,"d_sorte":"Nac.Vespertina","d_loter":"Nacional","extractos":[{"posic":"1","premio":"3333"},{"posic":"2","premio":"3333"},{"posic":"3","premio":"3333"},{"posic":"4","premio":"3333"},{"posic":"5","premio":"3333"},{"posic":"6","premio":"3333"},{"posic":"7","premio":"3333"},{"posic":"8","premio":"3333"},{"posic":"9","premio":"3333"},{"posic":"10","premio":"3333"},{"posic":"11","premio":"3333"},{"posic":"12","premio":"3333"},{"posic":"13","premio":"3333"},{"posic":"14","premio":"3333"},{"posic":"15","premio":"3333"},{"posic":"16","premio":"3333"},{"posic":"17","premio":"3333"},{"posic":"18","premio":"3333"},{"posic":"19","premio":"3333"},{"posic":"20","premio":"3333"}],"horaSorteo":"17:30"}